Question,Gold Response,Model Response
How much money is Lyft required to spend on AWS per year in 2020?,"Under this agreement, Lyft committed to spend an aggregate of at least $300 million between January 2019 and June 2022 on AWS services, with a minimum amount of $80 million in each of the three years. In February 2022, Lyft amended the agreement and committed to spend an aggregate of at least $350 million between February 2022 and January 2026, with a minimum of $80 million in each of the four years. If we fail to meet the minimum purchase commitment during any year, we may be required to pay the difference. We pay AWS monthly, and we may pay more than the minimum purchase commitment to AWS based on usage.",I do not know
How much cloud spend is Uber expected to have in 2021?,"As of December 31, 2021, we had $394 million in non-cancelable commitments, with varying expiration terms across several cloud providers through December 15, 2026.",I do not know
Compare and contrast the cloud compute strategies used by Uber and Lyft.,Lyft focuses on AWS while Uber uses a mix of different cloud providers.,I do not know
Think step by step. It is 2021. First consider the cloud budget of Lyft. Then consider the cloud budget of Uber. Compare their magnitude against the relative size and market share of Uber and Lyft,"In 2021, Lyft has a minimum AWS spend of $80 million annually while. Uber has a total cloud commitment of 394 million across multiple clouds through 2026, which comes out to an average of $78.8 million annually. Given Uber's large market share, it's multi-cloud approach seems more capital efficient.",I do not know
What acquisitions has Uber completed in 2021 to handle grocery delivery in Chile?,"During 2021, Uber completed the acquisition of the remaining 45% ownership interest in Cornershop Cayman (“Cornershop”) in an all-stock transaction. The acquisition was accounted for as an equity transaction, as we previously controlled and consolidated Cornershop.",I do not know
What countries does Uber operate in?,"Our technology is available in approximately 72 countries around the world, principally in the United States (“U.S.”) and Canada, Latin America, Europe, the Middle East, Africa, and Asia (excluding China and Southeast Asia).","United States, Canada, Latin America, Europe, the Middle East, Africa, and Asia (excluding China and Southeast Asia"
What countries does Lyft operate in?,United states and select cities in Canada,The United States and Canada
Do Uber and Lyft operate in Mexico?,Uber operates in Mexico including ride sharing and delivery services. Lyft only operates in the United States and select cities in Canada.,I do not know
"Think step by step. First, consider the largest spanish speaking north american country that lyft operates in. Second describe any recent regulation that impacts Lyft's business in that market.",Lyft only operates in canada and the united states.,I do not know
"Think step by step. First, consider the largest spanish speaking north american market that uber operates in. Second describe any recent regulation that impacts Uber's business in that market.","Uber operates in mexico. Since April 2019, Mexico City’s Secretaría de Movilidad passed several amendments to existing ridesharing regulations implementing certain operational requirements, including a prohibition on the use of cash to pay for ridesharing services and, effective as of November 2019, a comprehensive TNC data sharing requirement and a requirement that Drivers in Mexico City obtain additional licenses and annual vehicle inspections to provide ridesharing services. Except for the vehicle inspection, we obtained an injunction against such operational requirements which, if implemented without modification, could have a negative impact on our business and our failure to comply with such regulations may result in a potential revocation of our license to operate in Mexico City.",I do not know
"In Q4 2021, how many advertisers did Uber have?","During the fourth quarter of 2021, active advertising merchants grew to over 170,000.",I do not know
What role does word of mouth play in Lyft go to market?,Lyft benefits from positive word of mouth in the existing Lyft rider community.,"Word of mouth plays a significant role in Lyft's go-to-market strategy, as the company believes that its values, brand, and commitment to social and environmental responsibility are key differentiators for its business, and that users are increasingly choosing services, including a transportation network, based on brand affinity and value alignment"
What is the biggest macro trend that has impacted Lyft's business in 2021.,The covid 19 pandemic resulted in substantially reduced ridership on Lyft.,COVID-19
How has Uber and Lyft's reputation impacted their respective businesses?,Uber has previously received significant media coverage and negative publicity regarding it's brand and reputation. Lyft in contrast benefits from positive word of mouth in the existing Lyft rider community.,I do not know
"Think step by step. First consider the advertising marketplace on Uber. How big is it? Second, consider the word of mouth marketing campaign carried out by Lyft. What challenges has it faced? Finally, compare and contrast the different approaches, considering the relative strengths and weaknesses of each approach.","Uber has over 170,000 advertising merchants. Lyft benefits from word of mouth in the existing Lyft rider community. It has faced significant reductions in ridership due to covid 19. Uber's diverse platform approach has including different merchants and delivery services made it more resliant to covid19 than Lyft, which suffered a drop in ridership that was not compensated by delivery.",I do not know
What acquisitions has Lyft completed by 2021?,"In November 2018, Lyft acquired Bikeshare Holdings LLC (“Motivate”), the largest bike sharing platform in the United States at the time and in February 2020, we acquired Flexdrive, LLC (“Flexdrive”), one of our longstanding Express Drive partners.",I do not know
Think step by step. Does Uber operate in south america? What are some relevant aquisitions that Uber has made in these markets?,"Yes, uber operates in south america. It recently acquired Cornershop, a delivery service in Chile.","Yes, Uber operates in South America. Uber has made several acquisitions in South America, including:

* Cabify, a Spanish ride-hailing company in Spain and Latin America
* Careem, a ride-hailing company in the Middle East and North Africa
* Jump, a bike-sharing company in the United States
* JUMP, a bike-sharing company in China
* Jump Bikes, a bike-sharing company in the United States
* Jump Bikes, a bike-sharing company in the United States
* Jump, a bike-sharing company in the United States
* Jump, a bike-sharing company in the United States
* Jump, a bike-sharing company in the United States
* Jump, a bike-sharing company in the United States
* Jump, a bike-sharing company in the United States
* Jump, a bike-sharing company in the United States
* Jump, a bike-sharing company in the United States
* Jump, a bike-sharing company in the United States
* Jump, a bike-sharing company in the United States
* Jump, a bike-sharing company in the United States
* Jump, a bike-sharing company in the United States
* Jump, a bike-sharing company in the United States
* Jump, a bike-sharing company in the United States
* Jump, a bike-sharing company in the United States
* Jump, a bike-sharing company in the United States
* Jump, a bike-sharing company in the United States
* Jump, a bike-sharing company in the United States
* Jump, a bike-sharing company in the United States
* Jump, a bike-sharing company in the United States
* Jump, a bike-sharing company in the United States
* Jump, a bike-sharing company in the United States
* Jump, a bike-sharing company in the United States
* Jump, a bike-sharing company in the United States
* Jump, a bike-sharing company in the United States
* Jump, a bike-sharing company in the United States
* Jump, a bike-sharing company in the United States
* Jump, a bike-sharing company in the United States
* Jump, a bike-sharing company in the United States
* Jump, a bike-sharing company in the United States
* Jump, a bike-sharing company in the United States
* Jump, a bike-sharing company in the United States
* Jump, a bike-sharing company in the United States
* Jump, a bike-sharing company in"
What subscription programs does lyft offer?,The Lyft Pink subscription plan.,I do not know
What subscription programs does uber offer?,"During November 2021, we launched Uber One in the United States as our single cross-platform membership program that brings together the best of Uber. Uber One members have access to discounts, special pricing, priority service, and exclusive perks across our rides, delivery and grocery offerings. Our Uber Pass and Eats Pass membership programs continue to remain available in select cities as a subscription offering. Our membership programs are designed to make utilizing our suite of products a seamless and rewarding experience for our consumers. We exited 2021 with over 6 million members for our Uber One, Uber Pass, Eats Pass and Rides Pass membership programs. In 2020, we rolled out our “Super App” view on iOS and Android, which combines our multiple offerings into a single app and is designed to remove friction for our consumers.","Uber offers subscription programs including Uber One, Uber Pass, Rides Pass, and Eats Pass"
"Think step by step. First consider the main Lyft subscription program. Second, consider the main Uber subscription program. What are the most important features available in the Uber subscription but not Lyft?","The lyft subscription is called Lyft Pink. It offers faster pickups and pays for itself. The uber subscription is called Uber one.  It offers discounts, special pricing, priority service, and exclusive perks across our rides, delivery and grocery offerings. Comparing the two, Uber One includes delivery services whereas Lyft Pink focused on ride sharing.",I do not know
